procname,proctype,offset,subscribe_to,publishes
arbitrage1,metrics,44,superbook,arbitrage
cross1,metrics,25,fx_orderbook,
crossarb1,metrics,45,superbook,config_change cross_arbitrage
crypto_market_data_backfill1,backfill,48,,
crypto_markout1,metrics,51,crypto_book crypto_trades,crypto_execution_quality
cryptomock1,feed,35,,crypto_book crypto_trades
databento1,metrics,34,databento_mbp10,eq_orderbook
databento_backfill1,backfill,40,,
deals_backfill1,backfill,32,,
demo_markout1,metrics,31,quote trades,demo_execution_quality
duckdb_deals_backfill1,backfill,46,,
events_backfill1,backfill,33,,
executions1,metrics,36,crypto_trades orders trades,executions
fxfeed1,feed,19,,quote
fxorderbookfeed1,feed,24,,fx_orderbook
fxordersfeed1,feed,38,,orders
fxpositions1,metrics,39,executions,fx_limit_breach fx_position fx_position_open
fxtradesfeed1,feed,29,,trades
hdb_demo_markouts_backfill1,backfill,49,,
hdb_transfer_backfill1,backfill,50,,
kafka_flow1,metrics,47,kafka_client_flow,client_flow
marketdata1,metrics,42,crypto_book fx_orderbook quote,market_data
posbook1,metrics,30,executions market_data,position position_open
superbook1,metrics,43,market_data,config_change superbook
tap1,metrics,28,,
upstream_backfill1,backfill,41,,
vectorize1,metrics,27,wide_orderbook,mkt_orderbook
widefeed1,feed,26,,wide_orderbook
